{"rays":[{"type":"rayObject","ray":{"type":3,"p1":{"type":1,"x":110,"y":266.6666666666667,"exist":true},"p2":{"type":1,"x":449,"y":234.66666666666669,"exist":true},"exist":true}}],"objects":[{"type":"sphericalDiopter","c1":{"type":5,"c":{"type":1,"x":420,"y":266.6666666666667,"exist":true},"r":{"type":4,"p1":{"type":1,"x":420,"y":266.6666666666667,"exist":true},"p2":{"type":1,"x":510,"y":266.6666666666667,"exist":true},"exist":true},"exist":true},"angle":1.688602176401919,"n1":1,"n2":1.5},{"type":"screen","l1":{"type":2,"p1":{"type":1,"x":0,"y":266.6666666666667,"exist":true},"p2":{"type":1,"x":1020,"y":266.6666666666667,"exist":true},"exist":true}}]}